id,name_full,type
akron,University of Akron,college
alabama,University of Alabama,college
albevil,Bevill State Community College,college
alcalho,Calhoun Community College,college
alchatt,Chattahoochee Valley Community College,college
alenter,Enterprise-Ozark Community College,college
alfaulk,Faulkner University,college
alfscco,Faulkner State College,college
algadsd,Gadsden State Community College,college
aljeffd,Jefferson Davis Community College,college
allegheny,Allegheny College,college
almami,Alma College,college
almario,Marion Military Institute,college
alnorth,Northwest-Shoals Community College,college
alsuscc,Southern Union State Community College,college
alverniapa,Alvernia College,college
american,American University,college
amerintl,American International University,college
amherstma,Amherst College,college
andersonsc,Anderson College,college
appalst,Appalachian State University,college
aquinasmi,Aquinas College,college
arftsmi,University of Arkansas-Fort Smith,college
arizona,University of Arizona,college
arizonast,Arizona State University,college
arkansas,University of Arkansas,college
arkansaslr,University of Arkansas at Little Rock,college
arkansasst,Arkansas State University,college
arkmont,University of Arkansas at Monticello,college
arktech,Arkansas Tech University,college
armstratl,Armstrong Atlantic State University,college
arnorth,North Arkansas College,college
ashland,Ashland University,college
auburn,Auburn University,college
auburnmont,Auburn University at Montgomery,college
austincol,Austin College,college
austinpeay,Austin Peay State University,college
azcentr,Central Arizona College,college
azcochi,Cochise Community College,college
azmescc,Mesa Community College,college
azphoen,Phoenix College,college
azpimcc,Pima Community College,college
azscott,Scottsdale Community College,college
azsouth,South Mountain Community College,college
azusapac,Azusa Pacific University,college
azweste,Arizona Western College,college
azyavap,Yavapai College,college
baconeok,Bacone College,college
bakerks,Baker University,college
ballst,Ball State University,college
bartonnc,Barton College,college
baruchcuny,Bernard M Baruch College,college
batesme,Bates College,college
baylor,Baylor University,college
belmont,Belmont University,college
belmontab,Belmont Abbey College,college
beloitwi,Beloit College,college
benedctnks,Benedictine College,college
bethanywv,Bethany College,college
bethcook,Bethune-Cookman College,college
biolaca,Biola University,college
birmsouth,Birmingham-Southern College,college
blackbrnil,Blackburn College,college
bloomsburg,Bloomsburg University of Pennsylvania,college
boisest,Boise State University,college
bostoncoll,Boston College,college
bostonuniv,Boston University,college
bowdoinme,Bowdoin College,college
bowlgreen,Bowling Green State University,college
bradley,Bradley University,college
brandeisma,Brandeis University,college
brdgwatrva,Bridgewater College,college
brewparker,Brewton-Parker College,college
bridgeport,University of Bridgeport,college
bridgwtrst,Bridgewater State College,college
brklyncuny,"Brooklyn College, The City University of New York",college
brown,Brown University,college
bryant,Bryant College,college
bucknell,Bucknell University,college
buenavista,Buena Vista University,college
butler,Butler University,college
byu,Brigham Young University,college
caameri,American River College,college
caantel,Antelope Valley College,college
cabakjc,Bakersfield College,college
cabarst,Barstow Community College,college
cabutte,Butte College,college
cacabri,Cabrillo College,college
cacanad,Canada College,college
cacanyo,College of the Canyons,college
cacerri,Cerritos College,college
cachabo,Chabot College,college
cachaff,Chaffey College,college
cacitru,Citrus College,college
cacompt,Compton Community College,college
cacontr,Contra Costa College,college
cacosum,Cosumnes River College,college
cacsmat,College of San Mateo,college
cacuest,Cuesta College,college
cacypre,Cypress College,college
cadeanz,DeAnza College,college
cadiabl,Diablo Valley College,college
caelajc,East Los Angeles College,college
caelcam,El Camino College,college
cafeath,Feather River College,college
cafooth,Foothill College,college
cafrecc,Fresno City College,college
cafulle,Fullerton College,college
cagavil,Gavilan College,college
caglend,Glendale Community College,college
cagolde,Golden West College,college
caharbo,Los Angeles Harbor College,college
cahartn,Hartnell College,college
calacco,Los Angeles City College,college
calaney,Laney College,college
calasse,Lassen College,college
calavco,Los Angeles Valley College,college
california,"University of California, Berkeley",college
calipa,California University of Pennsylvania,college
calobcc,Long Beach City College,college
calpoly,"California Polytechnic State University, San Luis Obispo",college
calpolypom,"California Polytechnic State University, Pomona",college
calstfull,California State University Fullerton,college
calstla,California State University Los Angeles,college
calstnorth,California State University Northridge,college
calutheran,California Lutheran University,college
camarin,College of Marin,college
camendo,Mendocino College,college
camenlo,Menlo College,college
camerce,Merced College,college
cameronok,Cameron University,college
camerri,Merritt College,college
camirac,MiraCosta College,college
camissi,Mission College,college
camodes,Modesto Junior College,college
camoorp,Moorpark College,college
campbell,Campbell University,college
campjco,Monterey Peninsula College,college
camsajc,Mount San Antonio College,college
camsjjc,Mount San Jacinto College,college
caorang,Orange Coast College,college
capalom,Palomar College,college
capasad,Pasadena City College,college
capierc,Los Angeles Pierce College,college
caredwo,College of the Redwoods,college
careedl,Reedley College,college
carioho,Rio Hondo College,college
carivcc,Riverside Community College,college
carkansas,University of Central Arkansas,college
carsnewm,Carson-Newman College,college
carthagewi,Carthage College,college
casacra,Sacramento City College,college
casaddl,Saddleback College,college
casajco,Santa Ana College,college
casbcco,Santa Barbara City College,college
casbvjc,San Bernardino Valley College,college
casdmjc,San Diego Mesa College,college
casequo,College of the Sequoias,college
casewestrn,Case Western Reserve University,college
casfcco,City College of San Francisco,college
cashast,Shasta College,college
casierr,Sierra College,college
casiski,College of the Siskiyous,college
casjcco,San Jose City College,college
casjdjc,San Joaquin Delta College,college
casmjco,Santa Monica College,college
casrjco,Santa Rosa Junior College,college
catafjc,Taft College,college
catawba,Catawba College,college
catholic,Catholic University of America,college
caventu,Ventura College,college
cawhjco,West Hills College,college
cawlajc,West Los Angeles College,college
cawvjco,West Valley College,college
cconnst,Central Connecticut State University,college
ccri,Community College of Rhode Island,college
centenary,Centenary College of Louisiana,college
centok,University of Central Oklahoma,college
centralst,Central State University,college
centreky,Centre College,college
cflorida,University of Central Florida,college
chapmanca,Chapman University,college
charleston,College of Charleston,college
charleswv,University of Charleston,college
charlotte,University of North Carolina at Charlotte,college
charlsouth,Charleston Southern University,college
chicago,University of Chicago,college
chicost,California State University Chico,college
cincy,University of Cincinnati,college
citadel,The Citadel,college
clarion,Clarion University of Pennsylvania,college
clarksonny,Clarkson University,college
clemson,Clemson University,college
clevst,Cleveland State University,college
cmichigan,Central Michigan University,college
cmissouri,University of Central Missouri,college
cncrdiacol,Concordia College-Moorhead,college
coastcar,Coastal Carolina University,college
colamar,Lamar Community College,college
colbyme,Colby College,college
colgate,Colgate University,college
colorado,University of Colorado,college
coloradost,Colorado State University,college
columbia,Columbia University,college
concordny,Concordia College-Bronxville,college
concrdiamn,Concordia University-St. Paul,college
concrdiatx,Concordia University at Austin,college
cornell,Cornell University,college
cornellia,Cornell College,college
cotrini,Trinidad State Junior College,college
crdstritch,Cardinal Stritch University,college
creighton,Creighton University,college
crngmellon,Carnegie Mellon University,college
csdomhills,California State University Dominguez Hills,college
cshayward,California State University East Bay,college
ctconap,University of Connecticut at Avery Point,college
ctmitch,Mitchell College,college
ctnorwa,Norwalk Community College,college
cumbrlndtn,Cumberland University,college
cwashngton,Central Washington University,college
dallasbapt,Dallas Baptist University,college
dartmouth,Dartmouth College,college
davidson,Davidson College,college
daviselkins,Davis and Elkins College,college
dayton,University of Dayton,college
debrand,Brandywine Junior College,college
dedelaw,Delaware Technical and Community College,college
delaware,University of Delaware,college
delawarest,Delaware State University,college
deltast,Delta State University,college
denisonoh,Denison University,college
denver,University of Denver,college
detroit,University of Detroit Mercy,college
dickinson,Dickinson College,college
dominican,Dominican College,college
drake,Drake University,college
dubuque,University of Dubuque,college
duke,Duke University,college
duquesne,Duquesne University,college
ecarolina,East Carolina University,college
ecentralok,East Central University,college
eckerd,Eckerd College,college
econnst,Eastern Connecticut State University,college
edinboro,Edinboro University of Pennsylvania,college
eillinois,Eastern Illinois University,college
ekentucky,Eastern Kentucky University,college
elizbthtwn,Elizabethtown College,college
elon,Elon University,college
emichigan,Eastern Michigan University,college
emoryhenry,Emory and Henry College,college
emporiast,Emporia State University,college
erskine,Erskine College,college
estroud,East Stroudsburg University of Pennsylvania,college
etennst,East Tennessee State University,college
eutah,College of Eastern Utah,college
evansville,University of Evansville,college
fairfield,Fairfield University,college
fairldick,"Fairleigh Dickinson University, Metropolitan Campus",college
fayetvilst,Fayetteville State University,college
ferrisst,Ferris State University,college
ferrumva,Ferrum College,college
flagler,Flagler College,college
flatlantic,Florida Atlantic University,college
flbarry,Barry University,college
flbreva,Brevard Community College,college
flbrowa,Broward Community College,college
flcentr,Central Florida Community College,college
flchipo,Chipola College,college
fldayto,Daytona Beach Community College,college
flediso,Edison College,college
flflajc,Florida College,college
flgateway,Florida Gateway College,college
flgccco,Gulf Coast Community College,college
flgulfc,Florida Gulf Coast University,college
flhills,Hillsborough Community College,college
flindia,Indian River Community College,college
flinternat,Florida International University,college
flmanat,"State College of Florida, Manatee-Sarasota",college
flmdkjc,"Miami-Dade College, Kendall Campus",college
flmdnjc,"Miami-Dade College, North Campus",college
flmdwjc,"Miami-Dade College, Wolfson Campus",college
flnfcco,North Florida Community College,college
flnovas,Nova Southeastern University,college
flnwfsc,Northwest Florida State College,college
florida,University of Florida,college
floridaam,Florida Agricultural and Mechanical University,college
floridast,Florida State University,college
flpalme,Palmer College,college
flpasco,Pasco-Hernando Community College,college
flpbaun,Palm Beach Atlantic University,college
flpensa,Pensacola Junior College,college
flpolkc,Polk Community College,college
flsanta,Santa Fe Community College,college
flsjrcc,St. Johns River Community College,college
flsouthern,Florida Southern College,college
flstpet,St. Petersburg College,college
fltalla,Tallahassee Community College,college
fltech,Florida Institute of Technology,college
flvalen,Valencia Community College,college
fordham,Fordham University,college
franklinin,Franklin College,college
frankmarsh,Franklin and Marshall College,college
freedhrdmn,Freed-Hardeman University,college
fresnost,California State University Fresno,college
furman,Furman University,college
gacoast,Coastal Georgia Community College,college
gagpjco,Georgia Perimeter College,college
gamiddl,Middle Georgia College,college
gannon,Gannon University,college
gatech,Georgia Institute of Technology,college
genevapa,Geneva College,college
georgefox,George Fox University,college
georgemas,George Mason University,college
georgetown,Georgetown University,college
georgewash,George Washington University,college
georgia,University of Georgia,college
georgiasou,Georgia Southern University,college
gettysburg,Gettysburg College,college
glenvilst,Glenville State College,college
gonzaga,Gonzaga University,college
grambling,Grambling State University,college
grcanyon,Grand Canyon University,college
grinnellia,Grinnell College,college
grossmont,Grossmont College,college
grovecity,Grove City College,college
grvalleyst,Grand Valley State University,college
guilfordnc,Guilford College,college
hamlinemn,Hamline University,college
hampsydney,Hampden-Sydney College,college
harding,Harding University,college
hardinsimm,Hardin-Simmons University,college
hartford,University of Hartford,college
hartwickny,Hartwick College,college
harvard,Harvard University,college
haskellks,Haskell Indian Nations University,college
hawaii,University of Hawaii at Manoa,college
hawaiihilo,University of Hawaii at Hilo,college
hawaiipac,Hawaii Pacific University,college
hendrixar,Hendrix College,college
hendrsonst,Henderson State University,college
highpoint,High Point University,college
hillsdale,Hillsdale College,college
hiramoh,Hiram College,college
hobartny,Hobart and William Smith Colleges,college
hofstra,Hofstra University,college
holycross,College of the Holy Cross,college
hopemi,Hope College,college
houstnbapt,Houston Baptist University,college
houston,University of Houston,college
howard,Howard University,college
howrdpayne,Howard Payne University,college
humboldtst,Humboldt State University,college
huntercuny,"Hunter College, The City University of New York",college
iadesmo,Des Moines University,college
iadmacc,Des Moines Area Community College,college
iaellsw,Ellsworth College,college
iahighl,Highland Park College,college
iaindia,Indian Hills Community College,college
iakirkw,Kirkwood Community College,college
iaparso,Parsons College,college
iaseccs,"Southeastern Iowa Community College, Keokuk Campus",college
iasimps,Simpson College,college
iawescc,Iowa Western Community College,college
iawesleyan,Iowa Wesleyan College,college
idaho,University of Idaho,college
idbyuid,Brigham Young University-Idaho,college
idcosid,College of Southern Idaho,college
idnidjc,North Idaho College,college
ilaugus,Augustana College,college
ilcenjc,Illinois Central College,college
ilcollege,Illinois College,college
ildixon,Dixon College,college
ilharpe,William Rainey Harper College,college
ilkanka,Kankakee Community College,college
ilkaska,Kaskaskia College,college
ilkenne,Kennedy-King College,college
ilkishw,Kishwaukee College,college
illakel,Lake Land College,college
illchicago,University of Illinois at Chicago,college
illewis,Lewis & Clark Community College,college
illinco,Lincoln College,college
illinois,University of Illinois at Urbana-Champaign,college
illinoisst,Illinois State University,college
illogan,John A Logan College,college
illomba,Lombard College,college
ilmorai,Moraine Valley Community College,college
ilmount,Mount Morris College,college
ilolney,Olney Central College,college
ilparkl,Parkland College,college
ilseijc,Southeastern Illinois College,college
ilshurt,Shurtleff College,college
ilssjco,South Suburban College,college
ilstvia,St. Viator College,college
ilswijc,Southwestern Illinois College,college
iltrito,Triton College,college
iltruma,Harry S Truman College,college
ilwabas,Wabash Valley College,college
ilwesleyan,Illinois Wesleyan University,college
incante,Canterbury College,college
inconco,Concordia Theological Seminary,college
indiana,Indiana University-Bloomington,college
indianapa,Indiana University of Pennsylvania,college
indianast,Indiana State University,college
indpolis,University of Indianapolis,college
invince,Vincennes University,college
iona,Iona College,college
iowa,University of Iowa,college
iowast,Iowa State University,college
ithacany,Ithaca College,college
jacksonst,Jackson State University,college
jacksonvil,Jacksonville University,college
jamesmad,James Madison University,college
jksonvilst,Jacksonville State University,college
johnbrwnar,John Brown University,college
johnshpkns,Johns Hopkins University,college
juniatapa,Juniata College,college
kalamazoo,Kalamazoo College,college
kansas,University of Kansas,college
kansasst,Kansas State University,college
kennesawst,Kennesaw State University,college
kentst,Kent State University,college
kentucky,University of Kentucky,college
kenyonoh,Kenyon College,college
knoxil,Knox College,college
ksbarto,Barton County Community College,college
kscowle,Cowley County Community College,college
ksftsco,Fort Scott Community College,college
ksgarde,Garden City Community College,college
kshutch,Hutchinson Community College,college
ksjohns,Johnson County Community College,college
kskccco,Kansas City Kansas Community College,college
kslabet,Labette Community College,college
kspratt,Pratt Community College,college
ksstmaC,St. Mary's College,college
kutztown,Kutztown University of Pennsylvania,college
kybella,Bellarmine College,college
kywesleyan,Kentucky Wesleyan College,college
kywkycc,West Kentucky Community and Technical College,college
lacollege,Louisiana College,college
ladelga,Delgado Community College,college
lafayette,Lafayette College,college
lakeforest,Lake Forest College,college
lamar,Lamar University,college
lambuthtn,Lambuth University,college
lanecol,Lane College,college
lasalle,LaSalle University,college
latech,Louisiana Tech University,college
laverneca,University of La Verne,college
lebvalley,Lebanon Valley College,college
lehigh,Lehigh University,college
lemoyne,LeMoyne College,college
lenoirrhyn,Lenoir-Rhyne College,college
lewclarkor,Lewis and Clark College,college
lewclarkst,Lewis-Clark State College,college
lewisil,Lewis University,college
liberty,Liberty University,college
lincolnlandcc,Lincoln Land Community College,college
lincolnmem,Lincoln Memorial University,college
linfieldor,Linfield College,college
lipscomb,Lipscomb University,college
lockhaven,Lock Haven University of Pennsylvania,college
longbeach,California State University Long Beach,college
longisland,"Long Island University, Brooklyn Campus",college
longwoodva,Longwood University,college
lorasia,Loras College,college
louisville,University of Louisville,college
loyolachi,Loyola University Chicago,college
loyolamary,Loyola Marymount University,college
loyolamd,Loyola College in Maryland,college
loyolano,Loyola University New Orleans,college
lsu,Louisiana State University,college
lubbchrist,Lubbock Christian University,college
lutheria,Luther College,college
lynchbrgva,Lynchburg College,college
macmurryil,MacMurray College,college
macollege,Massachusetts College of Liberal Arts,college
madeajc,Dean College,college
maine,University of Maine at Orono,college
malowete,Lowell Technological Institute,college
mamassa,Massasoit Community College,college
mamiddl,Middlesex Community College,college
manhattan,Manhattan College,college
mankatost,"Minnesota State University, Mankato",college
manscco,North Shore Community College,college
mansfield,Mansfield University of Pennsylvania,college
maquins,Quinsigamond Community College,college
mariettaoh,Marietta College,college
marquette,Marquette University,college
marshall,Marshall University,college
maryhrdbay,University of Mary Hardin-Baylor,college
maryland,University of Maryland,college
masslowell,University of Massachusetts Lowell,college
mastersca,The Master's College,college
mcdaniel,McDaniel College,college
mcmgccc,Mississippi Gulf Coast Community College,college
mcneese,McNeese State University,college
mdaacco,Anne Arundel Community College,college
mdbalcc,Baltimore City Community College,college
mdbalti,University of Baltimore,college
mdcecil,Cecil Community College,college
mdcolsm,College of Southern Maryland,college
mdgarre,Garrett Community College,college
mdhager,Hagerstown Community College,college
mdmdbal,University of Maryland Baltimore,college
mdmontg,"Montgomery College, Rockville Campus",college
mdrockh,Rock Hill College,college
mdstjoh,St. John's College,college
memphis,University of Memphis,college
meramec,"St. Louis Community College, Meramec Campus",college
mercer,Mercer University,college
mercyhurst,Mercyhurst College,college
mericke,Ricker College,college
mesast,Mesa State College,college
messiah,Messiah College,college
mestjos,St. Joseph's College,college
mewestb,Westbrook College,college
miamidade,Miami-Dade College,college
miamifl,University of Miami,college
miamioh,Miami University of Ohio,college
michigan,University of Michigan,college
michiganst,Michigan State University,college
middlbryvt,Middlebury College,college
migocco,Glen Oaks Community College,college
migrand,Grand Rapids Community College,college
mihenry,Henry Ford Community College,college
mikalam,Kalamazoo Valley Community College,college
milligantn,Milligan College,college
millikin,Millikin University,college
millsapsms,Millsaps College,college
mimacom,Macomb Community College,college
minnesota,University of Minnesota,college
mioakla,Oakland Community College,college
missouri,University of Missouri Columbia,college
missst,Mississippi State University,college
mistcla,St. Clair County Community College,college
mit,Massachusetts Institute of Technology,college
mnmorris,"University of Minnesota, Morris",college
mnnorma,Normandale Community College,college
mnparke,Parker College,college
mntclairst,Montclair State University,college
mobileal,University of Mobile,college
moconco,Concordia Seminary-St. Louis,college
mocrowd,Crowder College,college
modrury,Drury University,college
moeastc,East Central College,college
mofores,"St. Louis Community College, Forest Park Campus",college
mojeffe,Jefferson College,college
molongv,Longview Community College,college
momaple,Maple Woods Community College,college
monmouth,Monmouth University,college
monroecc,Monroe Community College,college
montevallo,University of Montevallo,college
montreatnc,Montreat College,college
morehead,Morehead State University,college
mosouthern,Missouri Southern State University,college
motarki,Tarkio College,college
mothree,Three Rivers Community College,college
movalley,Missouri Valley College,college
mrningside,Morningside College,college
mryvilletn,Maryville College,college
mscollege,Mississippi College,college
mscopia,Copiah-Lincoln Community College,college
mseccco,East Central Community College,college
msgcmac,Gulf Coast Military Academy,college
mshinds,Hinds Community College,college
msholme,Holmes Community College,college
msitawa,Itawamba Community College,college
msmdcco,Mississippi Delta Community College,college
msmerid,Meridian Community College,college
msnwmcc,Northwest Mississippi Community College,college
mspearl,Pearl River Community College,college
mstupel,Tupelo Military Institute,college
mtennst,Middle Tennessee State University,college
mtolive,Mount Olive College,college
mtstmarys,Mount St. Mary's University,college
mtunionoh,Mount Union College,college
mtvernnaz,Mount Vernon Nazarene University,college
muhlenberg,Muhlenberg College,college
murrayst,Murray State University,college
muskingum,Muskingum College,college
nalabama,University of North Alabama,college
narizona,Northern Arizona University,college
navy,United States Naval Academy,college
ncat,North Carolina A&T State University,college
ncbreva,Brevard College,college
nclouis,Louisburg College,college
ncmarsh,Mars Hill College,college
ncolorado,University of Northern Colorado,college
ncpitcc,Pitt Community College,college
ncruthe,Rutherford College,college
ncstand,St. Andrews Presbyterian College,college
ncstate,North Carolina State University,college
ncweave,Weaver College,college
ndstate,North Dakota State University,college
neastern,Northeastern University,college
nebkearney,University of Nebraska at Kearney,college
nebomaha,University of Nebraska at Omaha,college
nebraska,University of Nebraska at Lincoln,college
neillinois,Northeastern Illinois University,college
nepersh,John J Pershing College,college
nevada,University of Nevada-Reno,college
newberry,Newberry College,college
newhamp,University of New Hampshire,college
newhaven,University of New Haven,college
newyorku,New York University,college
nflorida,University of North Florida,college
niagara,Niagara University,college
nicholls,Nicholls State University,college
nillinois,Northern Illinois University,college
niowa,University of Northern Iowa,college
njborde,Bordentown Military Institute,college
njbrook,Brookdale Community College,college
njcamde,Camden County College,college
njccmor,County College of Morris,college
njcente,Centenary College,college
njmerce,Mercer County Community College,college
njmiddl,Middlesex County Community College,college
njupsal,Upsala College,college
nkentucky,Northern Kentucky University,college
nmexico,University of New Mexico,college
nmhighland,New Mexico Highlands University,college
nmmilin,New Mexico Military Institute,college
nmnmjco,New Mexico Junior College,college
nmsouth,College of the Southwest,college
nmstate,New Mexico State University,college
norfolkst,Norfolk State University,college
norleans,University of New Orleans,college
northwood,Northwood University,college
norwichvt,Norwich University,college
notredame,University of Notre Dame,college
ntexas,University of North Texas,college
nwestern,Northwestern University,college
nwmost,Northwest Missouri State University,college
nwokstate,Northwestern Oklahoma State University,college
nwstate,Northwestern State University of Louisiana,college
nycortland,State University of New York at Cortland,college
nydutch,Dutchess Community College,college
nyeriec,Erie Community College,college
nykbcco,Kingsborough Community College,college
nymarit,Maritime College,college
nymercy,Mercy College,college
nymohaw,Mohawk Valley Community College,college
nynassa,Nassau Community College,college
nyoneonta,State University of New York at Oneonta,college
nyonond,Onondaga Community College,college
nyrockl,Rockland Community College,college
nysuffo,Suffolk County Community College,college
nytech,New York Institute of Technology,college
nyuroch,University of Rochester,college
oberlinoh,Oberlin College,college
occidental,Occidental College,college
ohcaset,Case Institute of Applied Sciences,college
ohcuyah,Cuyahoga Community College,college
ohdominican,Ohio Dominican University,college
ohio,Ohio University,college
ohiost,The Ohio State University,college
ohlakel,Lakeland Community College,college
ohsincl,Sinclair Community College,college
ohvalley,Ohio Valley College,college
ohwesleyan,Ohio Wesleyan University,college
okcity,Oklahoma City University,college
okconno,Connors State College,college
okeaste,East Oklahoma State College,college
oklahoma,University of Oklahoma,college
okneoam,Northeast Oklahoma A&M College,college
oksemin,Seminole State College,college
okstate,Oklahoma State University,college
okwesle,Oklahoma Wesleyan University,college
olddom,Old Dominion University,college
olemiss,University of Mississippi,college
olivetmi,Olivet College,college
olivetnaz,Olivet Nazarene University,college
oralrob,Oral Roberts University,college
orbluem,Blue Mountain Community College,college
oregon,University of Oregon,college
oregonst,Oregon State University,college
orlinnb,Linn-Benton Community College,college
ormount,Mount Hood Community College,college
ortreas,Treasure Valley Community College,college
orweste,Western Oregon University,college
otterbein,Otterbein College,college
ouachitab,Ouachita Baptist University,college
oxnard,Oxnard College,college
ozarks,University of the Ozarks,college
paalleb,"Community College of Allegheny County, Boyce Campus",college
paalles,"Community College of Allegheny County, South Campus",college
pabeave,Community College of Beaver County,college
pabucks,Bucks County Community College,college
pabutle,Butler County Community College,college
pacarli,Carlisle Indian Industrial School,college
pacific,University of the Pacific,college
pacificor,Pacific University,college
padelaw,Delaware County Community College,college
pahahne,Hahnemann University,college
paschuy,Schuylkill College,college
pavolan,Volant College,college
pbsc,Palm Beach Community College,college
pennst,Pennsylvania State University,college
pepperdine,Pepperdine University,college
pfeiffer,Pfeiffer University,college
philly,Philadelphia University,college
pittsbst,Pittsburg State University,college
pittsburgh,University of Pittsburgh,college
plymouth,Plymouth State College,college
portland,University of Portland,college
portlandst,Portland State University,college
prairview,Prairie View A&M University,college
presbytrn,Presbyterian College,college
princeton,Princeton University,college
providence,Providence College,college
ptlomanaz,Point Loma Nazarene University,college
ptparkpa,Point Park University,college
pugetsound,University of Puget Sound,college
purdue,Purdue University,college
quincy,Quincy University,college
quinnipiac,Quinnipiac College,college
radford,Radford University,college
ramaponj,Ramapo College,college
randmacon,Randolph-Macon College,college
rhodeisle,University of Rhode Island,college
rhodestn,Rhodes College,college
ric,Rhode Island College,college
rice,Rice University,college
richmond,University of Richmond,college
rider,Rider University,college
riogrande,University of Rio Grande,college
riponwi,Ripon College,college
roanokeva,Roanoke College,college
rockhurst,Rockhurst University,college
rollins,Rollins College,college
rosehulman,Rose-Hulman Institute of Technology,college
rowannj,Rowan University,college
rutgers,"Rutgers, the State University of New Jersey",college
sacstate,California State University Sacramento,college
saginawval,Saginaw Valley State University,college
salabama,University of South Alabama,college
salemintl,Salem International University,college
samford,Samford University,college
samhouston,Sam Houston State University,college
sandiego,University of San Diego,college
sandiegost,San Diego State University,college
sanfran,University of San Francisco,college
sanfranst,San Francisco State University,college
sanjosest,San Jose State University,college
santaclara,Santa Clara University,college
sarkansas,Southern Arkansas University,college
scarolina,University of South Carolina,college
schreiner,Schreiner University,college
scspart,Spartanburg Methodist College,college
scstate,South Carolina State University,college
scupsta,University of South Carolina Upstate,college
sdakotast,South Dakota State University,college
sdcity,San Diego City College,college
seattle,Seattle University,college
sela,Southeastern Louisiana University,college
seminolecc,Seminole Community College,college
semost,Southeast Missouri State University,college
seoklahoma,Southeastern Oklahoma State University,college
setonhall,Seton Hall University,college
sfaustin,Stephen F Austin State University,college
sfcc,South Florida Community College,college
sflorida,University of South Florida,college
shaw,Shaw University,college
shenandoah,Shenandoah University,college
shepherdwv,Shepherd College,college
shipnsburg,Shippensburg University of Pennsylvania,college
siena,Siena College,college
silledward,Southern Illinois University Edwardsville,college
sillinois,Southern Illinois University Carbondale,college
sindiana,University of Southern Indiana,college
sliprock,Slippery Rock University of Pennsylvania,college
smaine,University of Southern Maine,college
smethodist,Southern Methodist University,college
smiss,University of Southern Mississippi,college
sonomast,Sonoma State University,college
southernu,Southern University and A&M College,college
springhill,Spring Hill College,college
sprngfldma,Springfield College,college
stambrseia,St. Ambrose University,college
stanford,Stanford University,college
stanselm,St. Anselm College,college
stbonny,St. Bonaventure University,college
stcloudst,St.Cloud State University,college
stedwardtx,St. Edward's University,college
sterlingks,Sterling University,college
stetson,Stetson University,college
stfranny,St. Francis University,college
stfranpa,St. Francis University,college
stjohns,St. John's University,college
stjosephin,St. Joseph's College,college
stjosephs,St. Joseph's University,college
stlawrence,St. Lawrence University,college
stleo,St. Leo College,college
stlouis,St. Louis University,college
stmartinwa,St. Martin's College,college
stmarysca,St. Mary's College of California,college
stmarysmn,St. Mary's University of Minnesota,college
stmarytx,St. Mary's University,college
stmichaels,St. Michael's College,college
stonybrook,Stony Brook University,college
stpeters,St. Peter's College,college
strose,College of St. Rose,college
stthomasfl,St. Thomas University,college
stthomasmn,University of St. Thomas,college
stxavieril,St. Xavier University,college
sulrossst,Sul Ross State University,college
sunybuff,"University at Buffalo, State University of New York",college
susquehnna,Susquehanna University,college
sutah,Southern Utah University,college
swarthmore,Swarthmore College,college
swesternks,Southwestern College,college
swesterntx,Southwestern University,college
swmost,Missouri State University,college
swoklahoma,Southwestern Oklahoma State University,college
swtexas,Texas State University,college
syracuse,Syracuse University,college
tampa,University of Tampa,college
tamucomm,Texas A&M University-Commerce,college
tamukvill,Texas A&M University-Kingsville,college
tarletonst,Tarleton State University,college
temple,Temple University,college
tennessee,University of Tennessee,college
tennst,Tennessee State University,college
texas,University of Texas at Austin,college
texasam,Texas A&M University,college
thielpa,Thiel College,college
thomasmore,Thomas More College,college
tnchatt,Chattanooga State Technical Community College,college
tncleve,Cleveland State Community College,college
tncolum,Columbia State Community College,college
tnhiwas,Hiwassee College,college
tnjacks,Jackson State Community College,college
tnkingc,King College,college
tnmotlo,Motlow State Community College,college
tnswten,Southwest Tennessee Community College,college
tntech,Tennessee Technological University,college
tntenme,University of Tennessee Health Science Center,college
tnwesleyan,Tennessee Wesleyan College,college
toledo,University of Toledo,college
towson,Towson University,college
trinityct,Trinity College,college
trinitytx,Trinity University,college
trnsylvnia,Transylvania University,college
troyst,Troy University,college
trumanst,Truman State University,college
tuftsma,Tufts University,college
tulane,Tulane University,college
tulsa,University of Tulsa,college
tusculum,Tusculum College,college
tuskegee,Tuskegee University,college
txalvin,Alvin Community College,college
txangel,Angelo State University,college
txangjc,Angelina College,college
txblinn,Blinn College,college
txburne,Burnetta College,college
txchrist,Texas Christian University,college
txclare,Clarendon College,college
txcoast,Coastal Bend College,college
txcolli,Collin College,college
txeastf,Eastfield College,college
txfrank,Frank Phillips College,college
txgalve,Galveston College,college
txgrays,Grayson County College,college
txhillj,Hill College,college
txhowar,Howard College,college
txkilgo,Kilgore College,college
txleejc,Lee College,college
txlonmo,Lon Morris College,college
txmclen,McLennan Community College,college
txmerid,Meridian Junior College,college
txnavar,Navarro College,college
txnctjc,North Central Texas College,college
txnetex,Northeast Texas Community College,college
txodess,Odessa College,college
txpanol,Panola College,college
txparis,Paris Junior College,college
txsjjcn,"San Jacinto College, North Campus",college
txtech,Texas Tech University,college
txtempl,Temple College,college
txtexar,Texarkana College,college
txtyler,Tyler Junior College,college
txverno,Vernon College,college
txwesle,Wesley College,college
txwesleyan,Texas Wesleyan University,college
txwhart,Wharton County Junior College,college
uab,University of Alabama at Birmingham,college
ucdavis,"University of California, Davis",college
ucirvine,"University of California, Irvine",college
ucla,"University of California, Los Angeles",college
uconn,University of Connecticut,college
ucriver,"University of California, Riverside",college
ucsb,"University of California, Santa Barbara",college
ucsd,"University of California, San Diego",college
ulala,University of Louisiana at Lafayette,college
ulamo,University of Louisiana at Monroe,college
umass,University of Massachusetts Amherst,college
umassdartm,University of Massachusetts Dartmouth,college
unc,University of North Carolina at Chapel Hill,college
uncashe,University of North Carolina at Asheville,college
uncgreen,University of North Carolina at Greensboro,college
uncwilm,University of North Carolina at Wilmington,college
unionny,Union College,college
uniontn,Union University,college
unlv,University of Nevada-Las Vegas,college
uofsouth,University of the South,college
upenn,University of Pennsylvania,college
upperiowa,Upper Iowa University,college
ursinus,Ursinus College,college
usc,University of Southern California,college
uscaiken,University of South Carolina Aiken,college
utah,University of Utah,college
utahst,Utah State University,college
utarl,University of Texas at Arlington,college
utdixie,Dixie State College of Utah,college
utep,University of Texas at El Paso,college
utpanam,University of Texas Pan American,college
utslxxo,Salt Lake Community College,college
vaappre,Newport News Apprentice School,college
vaemenn,Eastern Mennonite University,college
valpo,Valparaiso University,college
vamedic,Medical College of Virginia,college
vandy,Vanderbilt University,college
vanguardca,Vanguard University of Southern California,college
vatech,Virginia Polytechnic Institute and State University,college
vcu,Virginia Commonwealth University,college
vermont,University of Vermont,college
villanova,Villanova University,college
virginia,University of Virginia,college
virginiast,Virginia State University,college
viterbowi,Viterbo University,college
wabashin,Wabash College,college
wabelle,Bellevue Community College,college
wacentr,Centralia College,college
waclark,Clark College,college
wacolum,Columbia Basin College,college
waedmon,Edmonds Community College,college
waevere,Everett Community College,college
wagner,Wagner College,college
wagreen,Green River Community College,college
wake,Wake Forest University,college
walabama,University of West Alabama,college
walower,Lower Columbia College,college
warnerpac,Warner Pacific College,college
wasfcco,Spokane Falls Community College,college
washburn,Washburn University,college
washcollmd,Washington College,college
washington,University of Washington,college
washjeffpa,Washington and Jefferson College,college
washleeva,Washington and Lee University,college
washst,Washington State University,college
watacom,Tacoma Community College,college
wawalla,Walla Walla Community College,college
wayakim,Yakima Valley Community College,college
waynest,Wayne State University,college
wcarolina,Western Carolina University,college
wchester,West Chester University of Pennsylvania,college
weberst,Weber State College,college
wesleyanct,Wesleyan University,college
westmontca,Westmont College,college
wflorida,University of West Florida,college
wheatonma,Wheaton College,college
whitmanwa,Whitman College,college
whittierca,Whittier College,college
whitwrthwa,Whitworth College,college
wichitast,Wichita State University,college
widenerpa,Widener University,college
wilacrosse,University of Wisconsin at La Crosse,college
wilbrforce,Wilberforce University,college
wileytx,Wiley College,college
wilkespa,Wilkes University,college
willamette,Willamette University,college
williamsma,Williams College,college
willinois,Western Illinois University,college
willmary,College of William and Mary,college
wingate,Wingate University,college
winstsalst,Winston-Salem State University,college
winthrop,Winthrop University,college
wioshkosh,University of Wisconsin at Oshkosh,college
wisacre,Sacred Heart College,college
wisconsin,University of Wisconsin at Madison,college
wistvnspt,University of Wisconsin at Stevens Point,college
wittnbrgoh,Wittenberg University,college
wiwhitewtr,University of Wisconsin at Whitewater,college
wkentucky,Western Kentucky University,college
wlibertyst,West Liberty State College,college
wlmjewell,William Jewell College,college
wlmpennia,William Penn University,college
wmichigan,Western Michigan University,college
wminstermo,Westminster College,college
wminsterpa,Westminster College,college
wofford,Wofford College,college
woosteroh,College of Wooster,college
wpaterson,William Paterson University,college
wrightst,Wright State University,college
wshngtonmo,Washington University in St. Louis,college
wvirginia,West Virginia University,college
wvpotom,Potomac State College,college
wvstate,West Virginia State University,college
wvwesleyan,West Virginia Wesleyan College,college
wwashngton,Western Washington University,college
wyoming,University of Wyoming,college
xavier,Xavier University,college
yale,Yale University,college
youngst,Youngstown State University,college
NNA,New York Mutuals,mlb
PNA,Philadelphia Athletics,mlb
ROK,Rockford Forest Citys,mlb
TRO,Troy Haymakers,mlb
ECK,Brooklyn Eckfords,mlb
RES,Elizabeth Resolutes,mlb
PWS,Philadelphia Whites,mlb
NHV,New Haven Elm Citys,mlb
ATL,Boston Red Caps,mlb
CHC,Chicago White Stockings,mlb
LGR,Louisville Grays,mlb
NYU,New York Mutuals,mlb
SBS,St. Louis Brown Stockings,mlb
MLG,Milwaukee Grays,mlb
PRO,Providence Grays,mlb
BUF,Buffalo Bisons,mlb
CBL,Cleveland Blues,mlb
TRT,Troy Trojans,mlb
WOR,Worcester Ruby Legs,mlb
DTN,Detroit Wolverines,mlb
BLO,Baltimore Orioles,mlb
CIN,Cincinnati Red Stockings,mlb
LOU,Louisville Eclipse,mlb
PHA,Philadelphia Athletics,mlb
PIT,Pittsburg Alleghenys,mlb
STL,St. Louis Brown Stockings,mlb
CBK,Columbus Buckeyes,mlb
SFG,New York Gothams,mlb
NYP,New York Metropolitans,mlb
PHI,Philadelphia Quakers,mlb
LAD,Brooklyn Atlantics,mlb
BRD,Boston Reds,mlb
KCU,Kansas City Cowboys,mlb
SLM,St. Louis Maroons,mlb
TOL,Toledo Blue Stockings,mlb
WIL,Wilmington Quicksteps,mlb
WST,Washington Nationals,mlb
WNA,Washington Nationals,mlb
KCN,Kansas City Cowboys,mlb
CLV,Cleveland Blues,mlb
IND,Indianapolis Hoosiers,mlb
CLS,Columbus Solons,mlb
BRG,Brooklyn Gladiators,mlb
BWW,Brooklyn Ward's Wonders,mlb
BRS,Boston Reds,mlb
CHP,Chicago Pirates,mlb
CLI,Cleveland Infants,mlb
PHQ,Philadelphia Athletics,mlb
SYS,Syracuse Stars,mlb
CKK,Cincinnati Kelly's Killers,mlb
MLA,Milwaukee Brewers,mlb
WAS,Washington Statesmen,mlb
NYY,Baltimore Orioles,mlb
BOS,Boston Americans,mlb
CHW,Chicago White Sox,mlb
CLE,Cleveland Blues,mlb
DET,Detroit Tigers,mlb
BAL,Milwaukee Brewers,mlb
OAK,Philadelphia Athletics,mlb
MIN,Washington Senators,mlb
BLT,Baltimore Terrapins,mlb
BTT,Brooklyn Tip-Tops,mlb
BFL,Buffalo Buffeds,mlb
CHH,Chicago Chi-Feds,mlb
NEW,Indianapolis Hoosiers,mlb
KCP,Kansas City Packers,mlb
PBS,Pittsburgh Rebels,mlb
SLI,St. Louis Terriers,mlb
ANA,Los Angeles Angels,mlb
TEX,Washington Senators,mlb
HOU,Houston Colt .45's,mlb
NYM,New York Mets,mlb
KCR,Kansas City Royals,mlb
WSN,Montreal Expos,mlb
SDP,San Diego Padres,mlb
MIL,Seattle Pilots,mlb
SEA,Seattle Mariners,mlb
TOR,Toronto Blue Jays,mlb
COL,Colorado Rockies,mlb
FLA,Florida Marlins,mlb
ARI,Arizona Diamondbacks,mlb
TBD,Tampa Bay Devil Rays,mlb
